[
  {
    "Id": "2XKO",
    "DisplayName": "2XKO",
    "Icon": "Assets/Games/2XKO/icon.png",
    "Version": "0.0.1",
    "DefaultUseArrows": true,
    "Directions": [
      {
        "Name": "7",
        "Image": "Assets/Games/2XKO/Inputs/directions/7.svg"
      },
      {
        "Name": "8",
        "Image": "Assets/Games/2XKO/Inputs/directions/8.svg"
      },
      {
        "Name": "9",
        "Image": "Assets/Games/2XKO/Inputs/directions/9.svg"
      },
      {
        "Name": "4",
        "Image": "Assets/Games/2XKO/Inputs/directions/4.svg"
      },
      {
        "Name": "5",
        "Image": "Assets/Games/2XKO/Inputs/directions/5.svg"
      },
      {
        "Name": "6",
        "Image": "Assets/Games/2XKO/Inputs/directions/6.svg"
      },
      {
        "Name": "1",
        "Image": "Assets/Games/2XKO/Inputs/directions/1.svg"
      },
      {
        "Name": "2",
        "Image": "Assets/Games/2XKO/Inputs/directions/2.svg"
      },
      {
        "Name": "3",
        "Image": "Assets/Games/2XKO/Inputs/directions/3.svg"
      }
    ],
    "Attacks": [
      {
        "Name": "L",
        "Image": "Assets/Games/2XKO/Inputs/L.svg"
      },
      {
        "Name": "M",
        "Image": "Assets/Games/2XKO/Inputs/M.svg"
      },
      {
        "Name": "H",
        "Image": "Assets/Games/2XKO/Inputs/H.svg"
      },
      {
        "Name": "S1",
        "Image": "Assets/Games/2XKO/Inputs/S1.svg"
      },
      {
        "Name": "S2",
        "Image": "Assets/Games/2XKO/Inputs/S2.svg"
      },
      {
        "Name": "Tag",
        "Image": "Assets/Games/2XKO/Inputs/Tag.svg"
      }
    ],
    "SystemInputs": [

      {
        "Name": "Dash",
        "Image": "Assets/Games/2XKO/Inputs/Dash.svg"
      },
      {
        "Name": "SA1",
        "Image": "Assets/Games/2XKO/Inputs/Super1.svg"
      },
      {
        "Name": "SA2",
        "Image": "Assets/Games/2XKO/Inputs/Super2.svg"
      },
      {
        "Name": "BD",
        "Image": "Assets/Games/2XKO/Inputs/BD.svg"
      },
      {
        "Name": "J",
        "Image": "Assets/Games/2XKO/Inputs/J.svg"
      },
      {
        "Name": "SJ",
        "Image": "Assets/Games/2XKO/Inputs/SJ.svg"
      },
      {
        "Name": "Parry",
        "Image": "Assets/Games/2XKO/Inputs/Parry.svg"
      },
      {
        "Name": "PB",
        "Image": "Assets/Games/2XKO/Inputs/PB.svg"
      },
      {
        "Name": "Burst",
        "Image": "Assets/Games/2XKO/Inputs/Burst.svg"
      },
      {
        "Name": "A1",
        "Image": "Assets/Games/2XKO/Inputs/A1.svg"
      },
      {
        "Name": "A2",
        "Image": "Assets/Games/2XKO/Inputs/A2.svg"
      },
      {
        "Name": "TC",
        "Image": "Assets/Games/2XKO/Inputs/TC.svg"
      }

    ]
  },
  {
    "Id": "GG",
    "DisplayName": "Guilty Gear",
    "Icon": "Assets/Games/GG/icon.png",
    "Version": "0.0.1",
    "DefaultUseArrows": true,
    "Directions": [
      {
        "Name": "7",
        "Image": "Assets/Games/T8/Inputs/UB.svg"
      },
      {
        "Name": "8",
        "Image": "Assets/Games/T8/Inputs/U.svg"
      },
      {
        "Name": "9",
        "Image": "Assets/Games/T8/Inputs/UF.svg"
      },
      {
        "Name": "4",
        "Image": "Assets/Games/T8/Inputs/B.svg"
      },
      {
        "Name": "5",
        "Image": "Assets/Games/T8/Inputs/N.svg"
      },
      {
        "Name": "6",
        "Image": "Assets/Games/T8/Inputs/F.svg"
      },
      {
        "Name": "1",
        "Image": "Assets/Games/T8/Inputs/DB.svg"
      },
      {
        "Name": "2",
        "Image": "Assets/Games/T8/Inputs/D.svg"
      },
      {
        "Name": "3",
        "Image": "Assets/Games/T8/Inputs/DF.svg"
      }
    ],
    "Attacks": [
      {
        "Name": "P",
        "Image": "Assets/Games/GG/Inputs/P.svg"
      },
      {
        "Name": "K",
        "Image": "Assets/Games/GG/Inputs/K.svg"
      },
      {
        "Name": "CS",
        "Image": "Assets/Games/GG/Inputs/CS.svg"
      },
      {
        "Name": "S",
        "Image": "Assets/Games/GG/Inputs/S.svg"
      },
      {
        "Name": "HS",
        "Image": "Assets/Games/GG/Inputs/HS.svg"
      },
      {
        "Name": "D",
        "Image": "Assets/Games/GG/Inputs/D.svg"
      }
    ],
    "SystemInputs": [
      {
        "Name": "Dash",
        "Image": "Assets/Games/GG/Inputs/Dash.svg"
      },
      {
        "Name": "BD",
        "Image": "Assets/Games/GG/Inputs/BD.svg"
      },
      {
        "Name": "J",
        "Image": "Assets/Games/GG/Inputs/J.svg"
      },
      {
        "Name": "DJ",
        "Image": "Assets/Games/GG/Inputs/DJ.svg"
      },
      {
        "Name": "IAD",
        "Image": "Assets/Games/GG/Inputs/IAD.svg"
      },
      {
        "Name": "FD",
        "Image": "Assets/Games/GG/Inputs/FD.svg"
      },
      {
        "Name": "RC",
        "Image": "Assets/Games/GG/Inputs/RC.svg"
      },
      {
        "Name": "RRC",
        "Image": "Assets/Games/GG/Inputs/RRC.svg"
      },
      {
        "Name": "PRC",
        "Image": "Assets/Games/GG/Inputs/PRC.svg"
      },
      {
        "Name": "BRC",
        "Image": "Assets/Games/GG/Inputs/BRC.svg"
      },
      {
        "Name": "YRC",
        "Image": "Assets/Games/GG/Inputs/YRC.svg"
      },
      {
        "Name": "Burst",
        "Image": "Assets/Games/GG/Inputs/Burst.svg"
      },
      {
        "Name": "WA",
        "Image": "Assets/Games/GG/Inputs/WA.svg"
      },
      {
        "Name": "DS",
        "Image": "Assets/Games/GG/Inputs/DS.svg"
      }
    ]
  },
  {
    "Id": "SF6",
    "DisplayName": "Street Fighter 6",
    "Icon": "Assets/Games/SF6/icon.png",
    "Version": "0.0.1",
    "DefaultUseArrows": true,
    "Directions": [
      {
        "Name": "7",
        "Image": "Assets/Games/T8/Inputs/UB.svg"
      },
      {
        "Name": "8",
        "Image": "Assets/Games/T8/Inputs/U.svg"
      },
      {
        "Name": "9",
        "Image": "Assets/Games/T8/Inputs/UF.svg"
      },
      {
        "Name": "4",
        "Image": "Assets/Games/T8/Inputs/B.svg"
      },
      {
        "Name": "5",
        "Image": "Assets/Games/T8/Inputs/N.svg"
      },
      {
        "Name": "6",
        "Image": "Assets/Games/T8/Inputs/F.svg"
      },
      {
        "Name": "1",
        "Image": "Assets/Games/T8/Inputs/DB.svg"
      },
      {
        "Name": "2",
        "Image": "Assets/Games/T8/Inputs/D.svg"
      },
      {
        "Name": "3",
        "Image": "Assets/Games/T8/Inputs/DF.svg"
      }
    ],
    "Attacks": [
      {
        "Name": "LP",
        "Image": "Assets/Games/SF6/Inputs/LP.svg"
      },
      {
        "Name": "MP",
        "Image": "Assets/Games/SF6/Inputs/MP.svg"
      },
      {
        "Name": "HP",
        "Image": "Assets/Games/SF6/Inputs/HP.svg"
      },
      {
        "Name": "LK",
        "Image": "Assets/Games/SF6/Inputs/LK.svg"
      },
      {
        "Name": "MK",
        "Image": "Assets/Games/SF6/Inputs/MK.svg"
      },
      {
        "Name": "HK",
        "Image": "Assets/Games/SF6/Inputs/HK.svg"
      }
    ],
    "SystemInputs": [
      {
        "Name": "Dash",
        "Image": "Assets/Games/SF6/Inputs/Dash.svg"
      },
      {
        "Name": "BD",
        "Image": "Assets/Games/SF6/Inputs/BD.svg"
      },
      {
        "Name": "J",
        "Image": "Assets/Games/SF6/Inputs/J.svg"
      },
      {
        "Name": "DI",
        "Image": "Assets/Games/SF6/Inputs/DI.svg"
      },
      {
        "Name": "DP",
        "Image": "Assets/Games/SF6/Inputs/DP.svg"
      },
      {
        "Name": "PP",
        "Image": "Assets/Games/SF6/Inputs/PP.svg"
      },
      {
        "Name": "DR",
        "Image": "Assets/Games/SF6/Inputs/DR.svg"
      },
      {
        "Name": "DRC",
        "Image": "Assets/Games/SF6/Inputs/DRC.svg"
      },
      {
        "Name": "OD",
        "Image": "Assets/Games/SF6/Inputs/OD.svg"
      },
      {
        "Name": "SA1",
        "Image": "Assets/Games/SF6/Inputs/SA1.svg"
      },
      {
        "Name": "SA2",
        "Image": "Assets/Games/SF6/Inputs/SA2.svg"
      },
      {
        "Name": "SA3",
        "Image": "Assets/Games/SF6/Inputs/SA3.svg"
      },
      {
        "Name": "Throw",
        "Image": "Assets/Games/SF6/Inputs/Throw.svg"
      },
      {
        "Name": "Tech",
        "Image": "Assets/Games/SF6/Inputs/Tech.svg"
      }
    ]
  },
  {
    "Id": "T8",
    "DisplayName": "Tekken 8",
    "Icon": "Assets/Games/T8/icon.png",
    "Version": "0.0.1",
    "DefaultUseArrows": false,
    "Directions": [
      {
        "Name": "UB",
        "Image": "Assets/Games/T8/Inputs/UB.svg"
      },
      {
        "Name": "U",
        "Image": "Assets/Games/T8/Inputs/U.svg"
      },
      {
        "Name": "UF",
        "Image": "Assets/Games/T8/Inputs/UF.svg"
      },
      {
        "Name": "B",
        "Image": "Assets/Games/T8/Inputs/B.svg"
      },
      {
        "Name": "N",
        "Image": "Assets/Games/T8/Inputs/N.svg"
      },
      {
        "Name": "F",
        "Image": "Assets/Games/T8/Inputs/F.svg"
      },
      {
        "Name": "DB",
        "Image": "Assets/Games/T8/Inputs/DB.svg"
      },
      {
        "Name": "D",
        "Image": "Assets/Games/T8/Inputs/D.svg"
      },
      {
        "Name": "DF",
        "Image": "Assets/Games/T8/Inputs/DF.svg"
      }
    ],
    "Attacks": [
      {
        "Name": "1",
        "Image": "Assets/Games/T8/Inputs/1.svg"
      },
      {
        "Name": "2",
        "Image": "Assets/Games/T8/Inputs/2.svg"
      },
      {
        "Name": "3",
        "Image": "Assets/Games/T8/Inputs/3.svg"
      },
      {
        "Name": "4",
        "Image": "Assets/Games/T8/Inputs/4.svg"
      },
      {
        "Name": "1+2",
        "Image": "Assets/Games/T8/Inputs/1+2.svg"
      },
      {
        "Name": "1+3",
        "Image": "Assets/Games/T8/Inputs/1+3.svg"
      },
      {
        "Name": "1+4",
        "Image": "Assets/Games/T8/Inputs/1+4.svg"
      },
      {
        "Name": "2+3",
        "Image": "Assets/Games/T8/Inputs/2+3.svg"
      },
      {
        "Name": "2+4",
        "Image": "Assets/Games/T8/Inputs/2+4.svg"
      },
      {
        "Name": "3+4",
        "Image": "Assets/Games/T8/Inputs/3+4.svg"
      },
      {
        "Name": "1+2+3",
        "Image": "Assets/Games/T8/Inputs/1+2+3.svg"
      },
      {
        "Name": "1+2+4",
        "Image": "Assets/Games/T8/Inputs/1+2+4.svg"
      },
      {
        "Name": "1+3+4",
        "Image": "Assets/Games/T8/Inputs/1+3+4.svg"
      },
      {
        "Name": "2+3+4",
        "Image": "Assets/Games/T8/Inputs/2+3+4.svg"
      },
      {
        "Name": "1+2+3+4",
        "Image": "Assets/Games/T8/Inputs/1+2+3+4.svg"
      }
    ],
    "SystemInputs": [
      {
        "Name": "Dash",
        "Image": "Assets/Games/T8/Inputs/Dash.svg"
      },
      {
        "Name": "BD",
        "Image": "Assets/Games/T8/Inputs/BD.svg"
      },
      {
        "Name": "SS",
        "Image": "Assets/Games/T8/Inputs/SS.svg"
      },
      {
        "Name": "SW",
        "Image": "Assets/Games/T8/Inputs/SW.svg"
      },
      {
        "Name": "WR",
        "Image": "Assets/Games/T8/Inputs/WR.svg"
      },
      {
        "Name": "Crouch",
        "Image": "Assets/Games/T8/Inputs/Crouch.svg"
      },
      {
        "Name": "Rage",
        "Image": "Assets/Games/T8/Inputs/Rage.svg"
      },
      {
        "Name": "RD",
        "Image": "Assets/Games/T8/Inputs/RD.svg"
      },
      {
        "Name": "RA",
        "Image": "Assets/Games/T8/Inputs/RA.svg"
      },
      {
        "Name": "Heat",
        "Image": "Assets/Games/T8/Inputs/Heat.svg"
      },
      {
        "Name": "HB",
        "Image": "Assets/Games/T8/Inputs/HB.svg"
      },
      {
        "Name": "HS",
        "Image": "Assets/Games/T8/Inputs/HS.svg"
      },
      {
        "Name": "Throw",
        "Image": "Assets/Games/T8/Inputs/Throw.svg"
      },
      {
        "Name": "Break",
        "Image": "Assets/Games/T8/Inputs/Break.svg"
      }
    ]
  }
]
