[
  {
    "Name": "2xko sample",
    "GameId": "2XKO",
    "Combos": [
      {
        "ComboString": "asdasd | L M H",
        "Hash": "b6f41d3129539a6dc95f26e2f6d041ca4ead8eff270890ece439738212d59bc1",
        "Name": "Sample Combo",
        "Timings": [
          "Normal"
        ]
      }
    ],
    "LastUpdated": "2025-12-31T14:51:01.9648087-05:00",
    "Hash": "",
    "DisplayNameWithGame": "2xko sample [2XKO]"
  },
  {
    "Name": "tekken sample",
    "GameId": "T8",
    "Combos": [
      {
        "ComboString": "1 1 1 1 1 | 1",
        "Hash": "93f122c90d65510c4632f694bb52a585eadd0b34cabd631c6607fa4355e82bb3",
        "Name": "Sample Combo",
        "Timings": [
          "Normal"
        ]
      }
    ],
    "LastUpdated": "2025-12-31T15:59:45.4718751-05:00",
    "Hash": "",
    "DisplayNameWithGame": "tekken sample [T8]"
  },
  {
    "Name": "guilty gear sample",
    "GameId": "GG",
    "Combos": [
      {
        "ComboString": "P K CS 2 HS D P K CS 2 HS D",
        "Hash": "a3b05626c753b1020e25589181af1f75d4ef0f1890078ffe85c7c8f8a030033d",
        "Name": "Sample Guitly gear combo",
        "Timings": []
      }
    ],
    "LastUpdated": "2025-12-31T17:24:05.2061544-05:00",
    "Hash": "",
    "DisplayNameWithGame": "guilty gear sample [GG]"
  },
  {
    "Name": "sf6-sample",
    "GameId": "SF6",
    "Combos": [
      {
        "ComboString": "2LP HK HK HK HK HK | HP HK MK LP | HP HP MP HK MK LP | ↵ | HP HP MP HK MK LP | LK MP MK",
        "Hash": "7406e794ca577952ae80b2aacb656a51b74af48e0ff9fa23d8a6dd2b633c57eb",
        "Name": "Sample sf6 combo",
        "Timings": [
          "Normal",
          "Normal",
          "Normal",
          "Normal",
          "Normal"
        ]
      }
    ],
    "LastUpdated": "2025-12-31T22:41:36.108403-05:00",
    "Hash": "",
    "DisplayNameWithGame": "sf6-sample [SF6]"
  }
]
